SSR Locus,Motif,Forward Primer,Reverse Primer
mEgCIRO254,(GA)18,CCTTTTGTCTTTCTTC,GCTGTGCACTAGGTTTC
mEgCIRO304,(GT)4(GC)2(GT)2,CCACAAACAATCCAAGCAAGT,TGGCATACAGAAAGCATAA
mEgCIRO326,(GT)9,GCTAACACAGCGCAAAACA,AAGCCGCATAACATACACATC
mEgCIRO332,(GT)8,ATTCGTAAAGGTGGGTGT,CCTCCAACTCCTCTGT
mEgCIRO350,(GT)8,AAATCTAAATCCTAAACTC,TCTACCTGTACTGGTGACAA
mEgCIRO353,(GT)11(GA)15,AGAGAGAGAGAGTGCGTATG,GTCCTGTGGCTGCTGTTTC
mEgCIRO377,(GT)6(GC)4,GTCTGCTAAAATCACATCG,GAGGAGGAGGGGAAGCATAA
mEgCIR1772,(GT)22,ACCTTGTATTAGTTTGCTCA,CTTCCATTGTCTCATATTTCTCTTA
mEgCIRO391,(CCG)5,TTCATCGCCTTCCTCCTG,CCGCACATAATCAACATC
mEgCIRO437,(CCG)6,CCAACCCACAACCAATAAA,CGTCCTCACCCTCTACT
mEgCIRO465,(CCG)7,TCCCCACGACCATTCTC,GGCAGAGAGGCAGCATTC
mEgCIRO476,(CCG)7,TTCCTCGGCCCCTTCTC,TCGCGCACTCTCCACTG
mEgCIRO134,(GA)15,AGTTTGGGGCTTACCTG,CTTCCACGCACCCTCTC
